job_category,count,mean,median,q25,q75,std
MLOps / Platform,1518,121828.4163372859,108450.0,74676.5,155225.25,61887.2666074291
Research / Science,5938,119266.70663523072,103840.5,73152.5,150623.25,62933.81971830166
Other AI Roles,13402,118636.385464856,103520.5,72733.25,151457.75,61756.05916689085
General ML / AI,4642,119145.01895734596,102918.5,71314.0,151322.75,63651.8177642343
NLP / LLM,1503,117698.12308715901,101614.0,71403.0,150595.0,62261.35116021625
Computer Vision,1504,117467.19481382979,99881.0,73864.0,145564.75,61369.04910820865
Data Science,1493,114109.41393168118,99816.0,70693.0,144101.0,60163.32232895973
