experience_level,exp_label,exp_order,count,mean,std,min,q25,median,q75,max
EN,Entry (EN),1,7370.0,64937.25698778833,19285.519739211504,16621.0,51436.25,63799.0,77014.0,131006.0
MI,Mid (MI),2,7545.0,89766.38926441352,26376.284638111465,23010.0,71828.0,88565.0,106702.0,179375.0
SE,Senior (SE),3,7482.0,125049.31569099172,35923.93877837643,32792.0,100674.25,123311.0,147343.5,247728.0
EX,Expert (EX),4,7603.0,193163.1698013942,61177.96956279981,43491.0,150083.0,188028.0,232732.5,410273.0
